Supplier,Brand,Category,Sub Cat,StockNo,Sales Date,Qty,Sales Price,Sales Price (EX),Average Cost,OnHand,Days,Q1,Q2,Q3,Q4
DAMAR,BAVINO,Frames,BAVINO,10648,08/02/2018,1,750,657.89,261.06,0,750,1,0,0,0
DAMAR,BEYOND,Frames,BEYOND,13415,28/07/2018,1,220,191.3,73.31,0,2,0,0,1,0
DAMAR,BEYOND,Frames,BEYOND,10692,31/01/2018,1,0,0,60.42,0,741,1,0,0,0
DAMAR,BEYOND,Frames,BEYOND,13418,26/10/2018,1,220,191.3,73.31,0,22,0,0,0,1
DAMAR,BEYOND,Frames,BEYOND,13425,31/08/2018,1,220,191.3,73.31,0,36,0,0,1,0
DAMAR,BEYOND,Frames,BEYOND,13420,15/10/2018,1,220,191.3,73.31,0,81,0,0,0,1
DAMAR,BEYOND,Frames,BEYOND,13412,16/09/2018,1,300,260.87,73.31,0,52,0,0,0,1
DAMAR,BEYOND,Frames,BEYOND XTRA,13434,14/08/2018,1,176,153.04,87,1,19,0,0,1,0
DAMAR,BEYOND,Frames,BEYOND XTRA,13444,17/09/2018,1,176.88,153.81,87,0,53,0,0,0,1
DAMAR,BEYOND,Frames,BEYOND XTRA,13440,23/08/2018,1,0,0,87,0,28,0,0,1,0
DAMAR,BEYOND,Frames,BEYOND XTRA,13432,20/08/2018,1,0,0,87,0,25,0,0,1,0
DAMAR,BEYOND,Frames,BEYOND,13411,03/10/2018,1,220,191.3,73.31,0,69,0,0,0,1
DAMAR,BEYOND,Frames,BEYOND XTRA,13431,17/09/2018,1,220,191.3,87,1,53,0,0,0,1
DAMAR,BEYOND,Frames,BEYOND,13422,04/10/2018,1,220,191.3,73.31,0,70,0,0,0,1
DAMAR,BEYOND,Frames,BEYOND,13421,24/08/2018,1,220,191.3,73.31,0,29,0,0,1,0
DAMAR,BEYOND,Frames,BEYOND,13416,31/08/2018,1,220,191.3,73.31,0,36,0,0,1,0
DAMAR,BEYOND,Frames,BEYOND XTRA,13435,15/08/2018,1,218,189.57,87,0,20,0,0,1,0
DAMAR,BEYOND,Frames,BEYOND XTRA,13435,03/08/2018,1,220,191.3,87,0,8,0,0,1,0
DAMAR,BEYOND,Frames,BEYOND XTRA,13436,27/09/2018,1,220,192.98,87,0,63,0,0,0,1
DAMAR,BEYOND,Frames,BEYOND XTRA,13437,29/07/2018,1,220,191.3,87,0,3,0,0,1,0
DAMAR,BEYOND,Frames,BEYOND,13410,08/10/2018,1,0,0,73.31,0,74,0,0,0,1
DAMAR,BEYOND,Frames,BEYOND,13409,01/08/2018,1,180,156.52,73.31,0,6,0,0,1,0
DAMAR,BEYOND,Frames,BEYOND,13408,15/09/2018,1,220,191.3,73.31,0,51,0,0,0,1
DAMAR,BEYOND,Frames,BEYOND,13407,12/09/2018,1,220,191.3,73.31,0,48,0,0,0,1
DAMAR,BEYOND,Frames,BEYOND,13407,15/09/2018,1,300,260.87,73.31,0,51,0,0,0,1
DAMAR,BEYOND,Frames,BEYOND,13414,20/08/2018,1,220,191.3,73.31,0,25,0,0,1,0
DAMAR,BEYOND,Frames,BEYOND XTRA,13441,17/08/2018,1,300,260.87,87,0,22,0,0,1,0
DAMAR,BEYOND,Frames,BEYOND,13424,03/08/2018,1,0,0,73.31,0,8,0,0,1,0
DAMAR,BEYOND,Frames,BEYOND XTRA,13439,07/09/2018,1,220,191.3,87,0,43,0,0,0,1
DAMAR,BEYOND,Frames,BEYOND XTRA,13433,26/10/2018,1,0,0,87,0,92,0,0,0,1
DAMAR,BEYOND,Frames,BEYOND,13423,03/08/2018,1,0,0,73.31,0,8,0,0,1,0
DAMAR,BEYOND,Frames,BEYOND XTRA,13445,09/09/2018,1,0,0,220,0,45,0,0,0,1
DAMAR,BEYOND,Frames,BEYOND,9485,17/07/2018,1,220,191.3,84.54,0,1,0,0,1,0
DAMAR,BEYOND,Frames,BEYOND XTRA,13442,19/09/2018,1,220,191.3,87,0,55,0,0,0,1
DAMAR,BEYOND,Frames,BEYOND,10914,14/02/2018,1,215,188.6,66.69,0,216,1,0,0,0
DAMAR,BEYOND,Frames,BEYOND,13418,03/10/2018,1,220,191.3,73.31,0,-1,0,0,0,1
DAMAR,BEYOND,Frames,BEYOND,10334,27/02/2018,1,0,0,67.26,0,349,1,0,0,0
DAMAR,CAT,Frames,CAT,13478,15/09/2018,1,1935,1682.61,744,0,31,0,0,0,1
DAMAR,CAT,Frames,CAT,13475,29/09/2018,1,1935,1682.61,744,0,45,0,0,0,1
DAMAR,EDEN,Frames,EDEN,12887,31/05/2018,1,1020,886.96,3369.15,0,98,0,1,0,0
DAMAR,EDEN,Frames,EDEN,12884,11/07/2018,1,1038,902.61,339.15,0,139,0,0,1,0
DAMAR,EDEN,Frames,EDEN,12890,31/08/2018,1,1000,869.57,339.15,0,190,0,0,1,0
DAMAR,EDEN,Frames,EDEN,11697,26/01/2018,1,1100,964.91,381.9,0,374,1,0,0,0
DAMAR,EDEN,Frames,EDEN,12886,24/10/2018,1,1038,902.61,339.15,0,244,0,0,0,1
DAMAR,EDEN,Frames,EDEN,11698,07/02/2018,1,1100,964.91,381.9,0,329,1,0,0,0
DAMAR,GENERIC,Frames,BEYOND XTRA,13471,26/10/2018,1,220,191.3,75.65,0,72,0,0,0,1
DAMAR,GENERIC,Frames,BEYOND XTRA,13468,03/10/2018,1,220,191.3,75.65,0,49,0,0,0,1
DAMAR,GENERIC,Frames,BEYOND XTRA,13469,10/09/2018,1,220,191.3,75.65,1,26,0,0,0,1
DAMAR,GENERIC,Frames,BEYOND,12641,22/03/2018,1,0,0,75.65,0,40,0,1,0,0
DAMAR,GENERIC,Frames,BEYOND XTRA,13464,26/10/2018,1,220,191.3,75.65,0,72,0,0,0,1
DAMAR,GENERIC,Frames,BEYOND XTRA,13467,08/10/2018,1,220,191.3,75.65,1,54,0,0,0,1
DAMAR,GENERIC,Frames,BEYOND XTRA,13468,18/09/2018,1,220,191.3,75.65,0,34,0,0,0,1
DAMAR,GENERIC,Frames,BEYOND XTRA,13460,21/10/2018,1,220,191.3,76.65,0,67,0,0,0,1
DAMAR,GENERIC,Frames,BEYOND XTRA,13464,08/10/2018,1,0,0,75.65,0,54,0,0,0,1
DAMAR,GENERIC,Frames,BEYOND XTRA,13472,04/10/2018,1,450,391.3,75.65,0,50,0,0,0,1
DAMAR,GENERIC,Frames,BEYOND XTRA,13466,26/09/2018,1,220,191.3,75.65,0,42,0,0,0,1
DAMAR,GENERIC,Frames,BEYOND XTRA,13460,26/10/2018,1,0,0,76.65,0,72,0,0,0,1
DAMAR,GENERIC,Frames,BEYOND XTRA,13466,29/08/2018,1,0,0,75.65,0,14,0,0,1,0
DAMAR,GENERIC,Frames,BEYOND XTRA,13470,03/09/2018,1,220,191.3,75.65,0,19,0,0,0,1
DAMAR,GENERIC,Frames,BEYOND XTRA,13462,24/09/2018,1,220,191.3,76.65,0,40,0,0,0,1
DAMAR,GENERIC,Frames,BEYOND XTRA,13458,06/10/2018,1,220,191.3,75.65,1,52,0,0,0,1
DAMAR,GENERIC,Frames,BEYOND XTRA,13461,18/09/2018,1,220,191.3,76.65,0,34,0,0,0,1
DAMAR,GENERIC,Frames,BEYOND XTRA,13461,19/09/2018,1,450,391.3,76.65,0,35,0,0,0,1
DAMAR,GENERIC,Frames,RIPPLE,13184,23/07/2018,1,850,739.13,182,0,73,0,0,1,0
DAMAR,GENERIC,Frames,SISSY BOY OPT,13186,27/08/2018,1,1300,1130.43,497.25,0,108,0,0,1,0
DAMAR,GENERIC,Frames,BEYOND XTRA,13471,27/08/2018,1,220,191.3,75.65,0,12,0,0,1,0
DAMAR,GENERIC,Frames,BEYOND,12678,13/02/2018,1,215,188.6,75.65,0,3,1,0,0,0
DAMAR,GENERIC,Frames,BEYOND,12652,14/04/2018,1,147.8,128.52,75.65,0,63,0,1,0,0
DAMAR,GENERIC,Frames,BEYOND,12672,10/05/2018,1,215,186.96,75.65,0,89,0,1,0,0
DAMAR,GENERIC,Frames,BEYOND,12673,09/03/2018,1,0,0,75.65,0,27,0,1,0,0
DAMAR,GENERIC,Frames,BEYOND,12674,19/06/2018,1,0,0,75.65,0,129,0,0,1,0
DAMAR,GENERIC,Frames,BEYOND,12675,28/03/2018,1,0,0,75.65,0,46,0,1,0,0
DAMAR,GENERIC,Frames,BEYOND,12676,26/04/2018,1,0,0,75.65,0,75,0,1,0,0
DAMAR,GENERIC,Frames,BEYOND,12656,22/02/2018,1,0,0,75.65,0,12,1,0,0,0
DAMAR,GENERIC,Frames,BEYOND,12677,18/04/2018,1,217,188.7,75.65,0,67,0,1,0,0
DAMAR,GENERIC,Frames,BAVINO,10072,17/03/2018,1,750,657.89,173.28,0,971,0,1,0,0
DAMAR,GENERIC,Frames,BEYOND,12680,25/03/2018,1,215,188.6,75.65,0,43,0,1,0,0
DAMAR,GENERIC,Frames,SISSY BOY OPT,12681,03/10/2018,1,1300,1130.43,497.25,0,233,0,0,0,1
DAMAR,GENERIC,Frames,BEYOND,12643,09/10/2018,1,220,191.3,87,0,241,0,0,0,1
DAMAR,GENERIC,Frames,SISSY BOY OPT,12682,27/09/2018,1,1322.5,1150,497.25,0,227,0,0,0,1
DAMAR,GENERIC,Frames,BEYOND,12650,28/03/2018,1,215,188.6,75.65,0,46,0,1,0,0
DAMAR,GENERIC,Frames,BEYOND,12646,27/02/2018,1,215,188.6,75.65,0,17,1,0,0,0
DAMAR,GENERIC,Frames,BEYOND,12646,12/05/2018,1,218.9,190.35,75.65,0,91,0,1,0,0
DAMAR,GENERIC,Frames,BEYOND,12676,17/04/2018,1,0,0,75.65,0,66,0,1,0,0
DAMAR,GENERIC,Frames,BEYOND,12666,01/03/2018,1,215,188.6,75.65,0,19,0,1,0,0
DAMAR,GENERIC,Frames,BEYOND,12657,17/03/2018,1,0,0,75.65,0,35,0,1,0,0
DAMAR,GENERIC,Frames,SISSY BOY OPT,13192,16/10/2018,1,1300,1130.43,497.25,0,158,0,0,0,1
DAMAR,GENERIC,Frames,BEYOND,12658,18/04/2018,1,217,188.7,75.65,0,67,0,1,0,0
DAMAR,GENERIC,Frames,BEYOND,12660,26/03/2018,1,215,188.6,75.65,0,44,0,1,0,0
DAMAR,GENERIC,Frames,BEYOND,12660,02/03/2018,1,215,188.6,75.65,0,20,0,1,0,0
DAMAR,GENERIC,Frames,BEYOND,12662,13/03/2018,1,215,188.6,75.65,0,31,0,1,0,0
DAMAR,GENERIC,Frames,BEYOND,12663,14/03/2018,1,215,188.6,75.65,0,32,0,1,0,0
DAMAR,GENERIC,Frames,BEYOND,12679,27/02/2018,1,73,64.04,75.65,0,17,1,0,0,0
DAMAR,GENERIC,Frames,BEYOND,12665,22/03/2018,1,215,188.6,75.65,0,40,0,1,0,0
DAMAR,GENERIC,Frames,BEYOND,12654,18/06/2018,1,220,191.3,75.65,0,128,0,0,1,0
DAMAR,GENERIC,Frames,BEYOND,12667,29/06/2018,1,220,191.3,75.65,0,139,0,0,1,0
DAMAR,GENERIC,Frames,BEYOND,12659,06/03/2018,1,215,188.6,75.65,0,24,0,1,0,0
DAMAR,GENERIC,Frames,BEYOND,12651,18/02/2018,1,215,188.6,75.65,0,8,1,0,0,0
DAMAR,GENERIC,Frames,SISSY BOY OPT,12683,13/03/2018,1,1300,1140.35,497.25,0,29,0,1,0,0
DAMAR,GENERIC,Frames,BEYOND,12668,12/04/2018,1,217,188.7,75.65,0,61,0,1,0,0
DAMAR,GENERIC,Frames,BEYOND,12671,29/05/2018,1,0,0,75.65,0,108,0,1,0,0
DAMAR,GENERIC,Frames,BEYOND,12655,24/07/2018,1,220,191.3,75.65,0,164,0,0,1,0
DAMAR,GENERIC,Frames,BEYOND,12664,27/02/2018,1,73,64.04,75.65,0,17,1,0,0,0
DAMAR,GENERIC,Frames,BEYOND,12647,04/06/2018,1,218.9,190.35,75.65,0,114,0,0,1,0
DAMAR,GENERIC,Frames,BEYOND XTRA,13459,09/10/2018,1,220,191.3,75.65,1,55,0,0,0,1
DAMAR,GENERIC,Frames,BEYOND,10684,12/01/2018,1,215,188.6,60.42,0,722,1,0,0,0
DAMAR,GENERIC,Frames,BEYOND,12645,14/09/2018,1,218.9,190.35,75.65,0,216,0,0,0,1
DAMAR,GENERIC,Frames,BEYOND,12639,19/02/2018,1,215,188.6,75.65,0,9,1,0,0,0
DAMAR,GENERIC,Frames,BEYOND,12644,04/04/2018,1,215,186.96,75.65,0,53,0,1,0,0
DAMAR,GENERIC,Frames,BEYOND,12640,01/06/2018,1,0,0,75.65,0,111,0,0,1,0
DAMAR,GENERIC,Frames,BEYOND,12643,19/03/2018,1,0,0,87,0,37,0,1,0,0
DAMAR,GENERIC,Frames,BEYOND,12642,01/04/2018,1,215,186.96,75.65,0,50,0,1,0,0
DAMAR,GENERIC,Frames,BEYOND,12647,02/05/2018,1,217,188.7,75.65,0,81,0,1,0,0
DAMAR,LEGEND,Frames,LEGEND,12908,10/04/2018,1,701,609.57,140.25,0,47,0,1,0,0
DAMAR,LEGEND,Frames,LEGEND,12913,25/09/2018,1,707.1,614.87,140.25,0,215,0,0,0,1
DAMAR,LEGEND,Frames,LEGEND,12923,04/10/2018,1,695,604.35,140.25,0,224,0,0,0,1
DAMAR,LEGEND,Frames,LEGEND,12907,17/04/2018,1,695,604.35,140.25,0,54,0,1,0,0
DAMAR,LEGEND,Frames,LEGEND,12925,23/02/2018,1,695,609.65,140.25,0,1,1,0,0,0
DAMAR,LEGEND,Frames,LEGEND,12926,04/08/2018,1,400,347.83,140.25,0,163,0,0,1,0
DAMAR,LEGEND,Frames,LEGEND,12919,20/04/2018,1,701,609.57,140.25,0,57,0,1,0,0
DAMAR,LEGEND,Frames,LEGEND,12916,06/07/2018,1,700,608.7,140.25,0,134,0,0,1,0
DAMAR,LEGEND,Frames,LEGEND,12921,17/03/2018,1,695,609.65,140.25,0,23,0,1,0,0
DAMAR,LEGEND,Frames,LEGEND,12919,31/07/2018,1,550,478.26,140.25,0,159,0,0,1,0
DAMAR,LEGEND,Frames,LEGEND,12914,23/03/2018,1,695,609.65,140.25,0,29,0,1,0,0
DAMAR,LEGEND,Frames,LEGEND,12910,31/08/2018,1,850,739.13,140.25,0,190,0,0,1,0
DAMAR,LEGEND,Frames,LEGEND,13428,13/10/2018,1,700,608.7,161.83,0,79,0,0,0,1
DAMAR,LEGEND,Frames,LEGEND,11682,03/02/2018,1,850,745.61,152.76,0,382,1,0,0,0
DAMAR,LEGEND,Frames,LEGEND,11681,10/01/2018,1,850,745.61,152.76,0,358,1,0,0,0
DAMAR,LEGEND,Frames,LEGEND,10186,13/09/2018,1,763.6,664,108.3,0,1119,0,0,0,1
DAMAR,LEGEND,Frames,LEGEND,12924,05/04/2018,1,701,609.57,140.25,0,42,0,1,0,0
DAMAR,LEGEND,Frames,LEGEND,11999,02/03/2018,1,600,526.32,134,0,256,0,1,0,0
DAMAR,LEGEND,Frames,LEGEND,12912,13/04/2018,1,701,609.57,140.25,0,50,0,1,0,0
DAMAR,LEGEND,Frames,LEGEND,12000,20/04/2018,1,750,652.17,134,0,305,0,1,0,0
DAMAR,LEGEND,Frames,LEGEND,12905,08/08/2018,1,695,604.35,140.25,0,167,0,0,1,0
DAMAR,LEGEND,Frames,LEGEND,12922,29/03/2018,1,695,609.65,140.25,0,35,0,1,0,0
DAMAR,LEGEND,Frames,LEGEND,12915,10/03/2018,1,695,609.65,140.25,0,16,0,1,0,0
DAMAR,LEGEND,Frames,LEGEND,12911,17/04/2018,1,701,609.57,140.25,0,54,0,1,0,0
DAMAR,LEGEND,Frames,LEGEND,12909,15/10/2018,1,707.1,614.87,140.25,1,0,0,0,0,1
DAMAR,LEGEND,Frames,LEGEND,12920,18/07/2018,1,695,604.35,140.25,0,146,0,0,1,0
DAMAR,LEGEND,Frames,LEGEND,12918,14/09/2018,1,707.1,614.87,140.25,0,204,0,0,0,1
DAMAR,LEGEND,Frames,LEGEND,12927,07/07/2018,1,700,608.7,140.25,0,135,0,0,1,0
DAMAR,RIPPLE,Frames,RIPPLE,11829,08/01/2018,1,810,710.53,199.5,0,299,1,0,0,0
DAMAR,RIPPLE,Frames,RIPPLE,12697,26/02/2018,1,850,745.61,182.75,0,14,1,0,0,0
DAMAR,RIPPLE,Frames,RIPPLE,12698,27/09/2018,1,850,739.13,182.75,0,227,0,0,0,1
DAMAR,RIPPLE,Frames,RIPPLE,12700,24/08/2018,1,864.5,751.74,182.75,0,193,0,0,1,0
DAMAR,RIPPLE,Frames,RIPPLE,12702,23/04/2018,1,857,745.22,182.75,0,70,0,1,0,0
DAMAR,RIPPLE,Frames,RIPPLE,12704,01/03/2018,1,850,745.61,182.75,0,17,0,1,0,0
DAMAR,RIPPLE,Frames,RIPPLE,13195,29/07/2018,1,850,739.13,182.75,0,79,0,0,1,0
DAMAR,RIPPLE,Frames,RIPPLE,12707,11/06/2018,1,864.5,751.74,182.75,0,119,0,0,1,0
DAMAR,RIPPLE,Frames,RIPPLE,12706,12/02/2018,1,680,596.49,182.75,0,0,1,0,0,0
DAMAR,RIPPLE,Frames,RIPPLE,12703,05/03/2018,1,850,745.61,182.75,0,21,0,1,0,0
DAMAR,RIPPLE,Frames,RIPPLE,12711,21/04/2018,1,857,745.22,182.75,0,68,0,1,0,0
DAMAR,RIPPLE,Frames,RIPPLE,12695,26/10/2018,1,864.5,751.74,182.75,0,256,0,0,0,1
DAMAR,RIPPLE,Frames,RIPPLE,12696,16/06/2018,1,864.5,751.74,182.75,0,124,0,0,1,0
DAMAR,RIPPLE,Frames,RIPPLE,12699,10/03/2018,1,850,745.61,182.75,0,26,0,1,0,0
DAMAR,RIPPLE,Frames,RIPPLE,12712,13/03/2018,1,850,745.61,182.75,0,29,0,1,0,0
DAMAR,RIPPLE,Frames,RIPPLE,12713,26/03/2018,1,850,745.61,182.75,0,42,0,1,0,0
DAMAR,SISSY BOY,Frames,SISSY BOY OPT,12687,13/02/2018,1,1300,1140.35,497.25,0,1,1,0,0,0
DAMAR,SISSY BOY,Frames,SISSY BOY OPT,12693,23/10/2018,1,1300,1130.43,497.25,0,253,0,0,0,1
DAMAR,SISSY BOY,Frames,SISSY BOY OPT,12690,20/07/2018,1,1322.5,1150,497.25,0,158,0,0,1,0
DAMAR,SISSY BOY,Frames,SISSY BOY OPT,11625,25/05/2018,1,1460,1269.57,559.74,0,436,0,1,0,0
DAMAR,SISSY BOY,Frames,SISSY BOY OPT,13369,22/09/2018,1,1290,1121.74,497.25,0,75,0,0,0,1
DAMAR,SISSY BOY,Frames,SISSY BOY OPT,11732,20/01/2018,1,1460,1280.7,559.74,0,368,1,0,0,0
DAMAR,SISSY BOY,Frames,SISSY BOY OPT,13188,19/06/2018,1,1040,904.35,497,0,39,0,0,1,0
DAMAR,SISSY BOY,Frames,SISSY BOY OPT,12685,22/02/2018,1,1300,1140.35,497.25,0,10,1,0,0,0
DAMAR,SISSY BOY,Frames,SISSY BOY OPT,11729,06/02/2018,1,1460,1280.7,559.74,0,385,1,0,0,0
DAMAR,SISSY BOY,Frames,SISSY BOY OPT,12688,06/08/2018,1,1300,1130.43,497.25,0,175,0,0,1,0
DAMAR,SISSY BOY,Frames,SISSY BOY OPT,12688,12/09/2018,1,1322.5,1150,497.25,0,212,0,0,0,1
DAMAR,SISSY BOY,Frames,SISSY BOY OPT,11855,31/01/2018,1,1460,1280.7,559.74,0,322,1,0,0,0
DAMAR,SUPERDRY,Frames,SUPERDRY,12868,15/09/2018,1,2136.6,1874.21,849.15,0,205,0,0,0,1
DAMAR,SUPERDRY,Frames,SUPERDRY,12872,18/03/2018,1,2100,1842.11,849.15,0,24,0,1,0,0
DAMAR,SUPERDRY,Frames,SUPERDRY,12871,19/07/2018,1,2136.6,1857.91,849.15,0,147,0,0,1,0
DAMAR,SUPERDRY,Frames,SUPERDRY,12869,02/03/2018,1,2100,1842.11,849.15,0,8,0,1,0,0
DAMAR,SUPERDRY,Frames,SUPERDRY,12866,07/09/2018,1,2136.6,1857.91,849.15,0,197,0,0,0,1
DAMAR,SUPERDRY,Frames,SUPERDRY,12880,22/03/2018,1,2100,1842.11,849.15,0,28,0,1,0,0
DAMAR,SUPERDRY,Frames,SUPERDRY,12876,28/03/2018,1,2100,1842.11,849.15,0,34,0,1,0,0
DAMAR,SUPERDRY,Frames,SUPERDRY,12878,18/03/2018,1,2100,1842.11,849.15,0,24,0,1,0,0
DAMAR,SUPERDRY,Frames,SUPERDRY,12865,12/10/2018,1,2100,1826.09,849.15,0,232,0,0,0,1
DAMAR,SUPERDRY,Frames,SUPERDRY,12877,18/08/2018,1,2136.6,1857.91,849.15,0,177,0,0,1,0
DAMAR,SUPERDRY,Frames,SUPERDRY,12870,24/10/2018,1,1709.28,1486.33,849.15,0,244,0,0,0,1
DAMAR,SUPERDRY,Frames,SUPERDRY,12875,13/05/2018,1,2000,1739.13,849.15,0,80,0,1,0,0
DYNAMIC OPTICAL,AWESOME EYEWEAR,Frames,AWESOME,11009,01/10/2018,1,900,782.61,480,0,686,0,0,0,1
DYNAMIC OPTICAL,AWESOME EYEWEAR,Frames,AWESOME,10581,02/01/2018,1,845,741.23,338,0,761,1,0,0,0
DYNAMIC OPTICAL,POLO,Frames,RALPH LAUREN,11000,07/04/2018,1,987,858.26,759,0,509,0,1,0,0
FML WHOLESALE,GENERIC,Frames,BE KIND,7133,14/02/2018,1,215,188.6,25,1,1788,1,0,0,0
HEAD OFFICE,GENERIC,Frames,GIGI BARCELONA,11477,02/01/2018,1,895,785.09,440,0,453,1,0,0,0
HEAD OFFICE,GENERIC,Frames,GIGI BARCELONA,11485,26/02/2018,1,1790,1570.18,440,1,508,1,0,0,0
HEAD OFFICE,GENERIC,Frames,MO,9098,03/03/2018,1,950,833.33,220,0,1228,0,1,0,0
HEAD OFFICE,GENERIC,Frames,MO,10227,25/08/2018,1,773,672.17,250,0,1093,0,0,1,0
HEAD OFFICE,GENERIC,Frames,MO,11361,24/02/2018,1,1195,1048.25,258,0,535,1,0,0,0
HEAD OFFICE,GENERIC,Frames,MO,11375,14/03/2018,1,1195,1048.25,258,0,553,0,1,0,0
HEAD OFFICE,GENERIC,Frames,GIGI BARCELONA,11486,13/09/2018,1,1100,956.52,406.67,1,10,0,0,0,1
IE OPTICS,GENERIC,Frames,ULTEMATE,13356,18/09/2018,1,1275,1108.7,490,0,81,0,0,0,1
IE OPTICS,GENERIC,Frames,ULTEMATE,13363,25/07/2018,1,1275,1108.7,490,0,26,0,0,1,0
IE OPTICS,GENERIC,Frames,LUPO,13340,18/08/2018,1,1275,1108.7,490,0,50,0,0,1,0
IE OPTICS,GENERIC,Frames,LUPO,13341,09/07/2018,1,861,748.7,490,0,10,0,0,1,0
IE OPTICS,GENERIC,Frames,ULTEMATE,13355,01/10/2018,1,1275,1108.7,490,0,94,0,0,0,1
IE OPTICS,GENERIC,Frames,ULTEMATE,13361,06/08/2018,1,1275,1108.7,490,0,38,0,0,1,0
IE OPTICS,GENERIC,Frames,ULTEMATE,13360,19/07/2018,1,1000,869.57,490,0,20,0,0,1,0
IE OPTICS,GENERIC,Frames,LUPO,12853,14/03/2018,1,1300,1140.35,490,0,20,0,1,0,0
IE OPTICS,GENERIC,Frames,LUPO,12848,27/04/2018,1,1161,1009.57,490,0,64,0,1,0,0
IE OPTICS,GENERIC,Frames,LUPO,13351,01/09/2018,1,1275,1108.7,490,0,64,0,0,0,1
IE OPTICS,GENERIC,Frames,LUPO,12855,23/10/2018,1,1300,1130.43,490,0,243,0,0,0,1
IE OPTICS,GENERIC,Frames,LUPO,12854,08/04/2018,1,1311,1140,490,0,45,0,1,0,0
IE OPTICS,GENERIC,Frames,ULTEMATE,13357,21/09/2018,1,1275,1108.7,490,0,84,0,0,0,1
IE OPTICS,GENERIC,Frames,ULTEMATE,13358,23/07/2018,1,1100,956.52,490,0,24,0,0,1,0
IE OPTICS,GENERIC,Frames,LUPO,12852,21/04/2018,1,1311,1140,490,0,58,0,1,0,0
IE OPTICS,GENERIC,Frames,LUPO,13346,07/09/2018,1,1275,1108.7,490,0,70,0,0,0,1
IE OPTICS,GENERIC,Frames,LUPO,12859,22/06/2018,1,1322.5,1150,490,0,120,0,0,1,0
IE OPTICS,GENERIC,Frames,LUPO,13344,25/08/2018,1,1275,1108.7,490,0,57,0,0,1,0
IE OPTICS,GENERIC,Frames,LUPO,12857,14/03/2018,1,1300,1140.35,490,0,20,0,1,0,0
IE OPTICS,GENERIC,Frames,LUPO,13342,30/06/2018,1,1275,1108.7,490,0,1,0,0,1,0
IE OPTICS,GENERIC,Frames,LUPO,12860,28/05/2018,1,1322.5,1150,490,0,95,0,1,0,0
JUST EYE WEAR,GENERIC,Frames,NIKE,12162,08/03/2018,1,2500,2192.98,997,0,181,0,1,0,0
JUST EYE WEAR,NIKE VISION,Frames,NIKE,12445,18/02/2018,1,2500,2192.98,997,0,124,1,0,0,0
JUST EYE WEAR,NIKE VISION,Frames,NIKE,12447,25/02/2018,1,3117.5,2734.65,1247,0,131,1,0,0,0
JUST EYE WEAR,NIKE VISION,Frames,NIKE,11862,12/02/2018,1,2400,2105.26,947,0,322,1,0,0,0
JUST EYE WEAR,NIKE VISION,Frames,NIKE,12441,27/09/2018,1,2544.1,2212.26,997,0,345,0,0,0,1
JUST EYE WEAR,NIKE VISION,Frames,NIKE,12439,06/01/2018,1,2500,2192.98,997,0,81,1,0,0,0
LENZ XPRESS,GENERIC,Frames,MAZAZA,12585,27/01/2018,1,215,188.6,90,0,53,1,0,0,0
LUXALITE,STEPPER,Frames,STEPPER,11442,27/06/2018,1,1912.6,1663.13,755,0,350,0,0,1,0
LUXALITE,STEPPER,Frames,STEPPER,11817,09/02/2018,1,1940,1701.75,775,0,197,1,0,0,0
LUXALITE,STEPPER,Frames,STEPPER,10415,22/04/2018,1,1604,1394.78,628.33,0,417,0,1,0,0
LUXALITE,STEPPER,Frames,STEPPER,11446,07/03/2018,1,1980,1736.84,762.5,0,238,0,1,0,0
LUXALITE,STEPPER,Frames,STEPPER,12062,26/01/2018,1,1880,1649.12,755,0,198,1,0,0,0
LUXALITE,STEPPER,Frames,STEPPER,11669,12/02/2018,1,2700,2368.42,1080,0,396,1,0,0,0
LUXALITE,STEPPER,Frames,STEPPER,12067,22/01/2018,1,1580,1385.96,635,0,200,1,0,0,0
LUXOTTICA,D & G,Frames,DOLCE & GABBANA,12941,14/06/2018,1,3002.1,2610.52,1143.9,1,-108,0,0,1,0
LUXOTTICA,D & G,Frames,DOLCE & GABBANA,13231,03/06/2018,1,2202.46,1915.18,1295.57,0,4,0,0,1,0
LUXOTTICA,D & G,Frames,DOLCE & GABBANA,13229,03/06/2018,1,1997.91,1737.31,1175.24,0,4,0,0,1,0
LUXOTTICA,D & G,Frames,DOLCE & GABBANA,13006,25/04/2018,1,2050,1782.61,814.4,0,9,0,1,0,0
LUXOTTICA,D & G,Frames,DOLCE & GABBANA,12941,30/04/2018,1,2976,2587.83,1143.9,1,-153,0,1,0,0
LUXOTTICA,DOLCE & GABBANA,Frames,DOLCE & GABBANA,12023,28/03/2018,1,2857,2506.14,1051.34,0,277,0,1,0,0
LUXOTTICA,DOLCE & GABBANA,Frames,DOLCE_GABBANA,12554,22/05/2018,1,2790.6,2426.61,1081.22,0,185,0,1,0,0
LUXOTTICA,DOLCE & GABBANA,Frames,DOLCE & GABBANA,12537,20/01/2018,1,4290,3763.16,1647.83,0,-114,1,0,0,0
LUXOTTICA,DOLCE & GABBANA,Frames,DOLCE & GABBANA,12537,29/07/2018,1,4450,3869.57,1647.83,0,76,0,0,1,0
LUXOTTICA,DOLCE & GABBANA,Frames,DOLCE_GABBANA,12549,23/06/2018,1,3000,2608.7,1359.26,0,103,0,0,1,0
LUXOTTICA,DOLCE & GABBANA,Frames,DOLCE_GABBANA,12549,04/10/2018,1,3500,3043.48,1359.26,0,206,0,0,0,1
LUXOTTICA,DOLCE & GABBANA,Frames,DOLCE & GABBANA,12016,03/06/2018,1,1329.26,1155.88,719.37,0,338,0,0,1,0
LUXOTTICA,DOLCE & GABBANA,Frames,DOLCE & GABBANA,12113,04/01/2018,1,3390,2973.68,1232.27,0,47,1,0,0,0
LUXOTTICA,DOLCE & GABBANA,Frames,DOLCE & GABBANA,10251,14/04/2018,1,1972,1714.78,748.6,0,288,0,1,0,0
LUXOTTICA,DOLCE & GABBANA,Frames,DOLCE & GABBANA,12069,30/08/2018,1,3000,2608.7,1383.31,0,418,0,0,1,0
LUXOTTICA,DOLCE & GABBANA,Frames,DOLCE & GABBANA,12020,20/03/2018,1,3158,2770.18,1162.04,0,269,0,1,0,0
LUXOTTICA,DOLCE & GABBANA,Frames,DOLCE_GABBANA,12550,24/04/2018,1,2915,2534.78,1081.22,0,157,0,1,0,0
LUXOTTICA,DOLCE & GABBANA,Frames,DOLCE & GABBANA,10263,06/02/2018,1,2110,1850.88,821,0,164,1,0,0,0
LUXOTTICA,DOLCE & GABBANA,Frames,DOLCE & GABBANA,12028,30/01/2018,1,3160,2771.93,1162.04,0,152,1,0,0,0
LUXOTTICA,DOLCE & GABBANA,Frames,DOLCE & GABBANA,12043,29/03/2018,1,2857,2506.14,1051.34,0,268,0,1,0,0
LUXOTTICA,DOLCE & GABBANA,Frames,DOLCE & GABBANA,12020,10/01/2018,1,3158,2770.18,1162.04,0,200,1,0,0,0
LUXOTTICA,DOLCE & GABBANA,Frames,DOLCE & GABBANA,10309,16/02/2018,1,2100,1842.11,805.55,0,227,1,0,0,0
LUXOTTICA,DOLCE & GABBANA,Frames,DOLCE & GABBANA,13302,15/09/2018,1,3055,2656.52,1175.24,0,96,0,0,0,1
LUXOTTICA,DOLCE & GABBANA,Frames,DOLCE_GABBANA,12548,10/08/2018,1,3166.9,2753.83,1413.19,0,265,0,0,1,0
LUXOTTICA,DOLCE & GABBANA,Frames,DOLCE & GABBANA,12116,04/01/2018,1,2410,2114.04,885.35,0,145,1,0,0,0
LUXOTTICA,DOLCE & GABBANA,Frames,DOLCE & GABBANA,12117,18/01/2018,1,3760,3298.25,1383.31,0,159,1,0,0,0
LUXOTTICA,DOLCE & GABBANA,Frames,DOLCE & GABBANA,12017,10/09/2018,1,2907.3,2528.09,1051.34,0,437,0,0,0,1
LUXOTTICA,EMPORIO ARMANI,Frames,EMPORIO ARMANI,13232,04/08/2018,1,1760,1530.43,650.79,0,66,0,0,1,0
LUXOTTICA,EMPORIO ARMANI,Frames,EMPORIO ARMANI,11914,19/04/2018,1,1604,1394.78,566.4,0,201,0,1,0,0
LUXOTTICA,EMPORIO ARMANI,Frames,EMPORIO ARMANI,12401,10/03/2018,1,1590,1394.74,572.7,0,154,0,1,0,0
LUXOTTICA,EMPORIO ARMANI,Frames,EMPORIO ARMANI,11596,20/02/2018,1,1860,1631.58,698.05,0,164,1,0,0,0
LUXOTTICA,EMPORIO ARMANI,Frames,EMPORIO ARMANI,12419,19/05/2018,1,1525.6,1326.61,666.09,0,224,0,1,0,0
LUXOTTICA,EMPORIO ARMANI,Frames,EMPORIO ARMANI,11890,27/06/2018,1,1790.6,1557.04,613.16,0,277,0,0,1,0
LUXOTTICA,EMPORIO ARMANI,Frames,EMPORIO ARMANI,10920,03/01/2018,1,1990,1745.61,725.12,0,130,1,0,0,0
LUXOTTICA,EMPORIO ARMANI,Frames,EMPORIO ARMANI,11909,07/03/2018,1,1600,1403.51,560.09,0,311,0,1,0,0
LUXOTTICA,EMPORIO ARMANI,Frames,EMPORIO ARMANI,12402,03/06/2018,1,911,792.17,611.74,0,83,0,0,1,0
LUXOTTICA,EMPORIO ARMANI,Frames,EMPORIO ARMANI,12402,04/03/2018,1,1590,1394.74,611.74,0,-8,0,1,0,0
LUXOTTICA,EMPORIO ARMANI,Frames,EMPORIO ARMANI,11591,26/02/2018,1,1724,1512.28,624.09,0,170,1,0,0,0
LUXOTTICA,EMPORIO ARMANI,Frames,EMPORIO ARMANI,12464,18/02/2018,1,1590,1394.74,572.7,0,127,1,0,0,0
LUXOTTICA,EMPORIO ARMANI,Frames,EMPORIO ARMANI,11908,08/03/2018,1,1600,1403.51,560.09,0,312,0,1,0,0
LUXOTTICA,EMPORIO ARMANI,Frames,EMPORIO ARMANI,11939,02/06/2018,1,1300,1130.43,566.4,0,245,0,0,1,0
LUXOTTICA,EMPORIO ARMANI,Frames,EMPORIO ARMANI,12403,11/02/2018,1,1590,1394.74,572.7,0,127,1,0,0,0
LUXOTTICA,EMPORIO ARMANI,Frames,EMPORIO ARMANI,11597,03/06/2018,1,910,791.3,627.54,0,277,0,0,1,0
LUXOTTICA,EMPORIO ARMANI,Frames,EMPORIO ARMANI,10468,09/03/2018,1,1857,1628.95,681.16,0,300,0,1,0,0
LUXOTTICA,EMPORIO ARMANI,Frames,EMPORIO ARMANI,12323,08/01/2018,1,1790,1570.18,619.46,0,100,1,0,0,0
LUXOTTICA,EMPORIO ARMANI,Frames,EMPORIO ARMANI,12948,03/06/2018,1,1135.38,987.29,756.92,0,85,0,0,1,0
LUXOTTICA,EMPORIO ARMANI,Frames,EMPORIO ARMANI,13574,27/10/2018,1,1895,1647.83,756.92,0,3,0,0,0,1
LUXOTTICA,EMPORIO ARMANI,Frames,EMPORIO ARMANI,12393,02/01/2018,1,1890,1657.89,666.09,0,87,1,0,0,0
LUXOTTICA,EMPORIO ARMANI,Frames,EMPORIO ARMANI,12947,03/06/2018,1,0.01,0.01,0.01,0,85,0,0,1,0
LUXOTTICA,EMPORIO ARMANI,Frames,EMPORIO ARMANI,12420,03/06/2018,1,1000,869.57,666.09,0,239,0,0,1,0
LUXOTTICA,EMPORIO ARMANI,Frames,EMPORIO ARMANI,12324,09/03/2018,1,1790,1570.18,619.46,0,160,0,1,0,0
LUXOTTICA,EMPORIO ARMANI,Frames,EMPORIO ARMANI,12143,06/07/2018,1,1760.3,1530.7,606.85,0,309,0,0,1,0
LUXOTTICA,EMPORIO ARMANI,Frames,EMPORIO ARMANI,12953,03/06/2018,1,1034.4,899.48,689.6,0,75,0,0,1,0
LUXOTTICA,EMPORIO ARMANI,Frames,EMPORIO ARMANI,13007,06/05/2018,1,1911.6,1662.26,756.92,1,-36,0,1,0,0
LUXOTTICA,EMPORIO ARMANI,Frames,EMPORIO ARMANI,13009,25/06/2018,1,1785.5,1552.61,703.93,0,70,0,0,1,0
LUXOTTICA,EMPORIO ARMANI,Frames,EMPORIO ARMANI,13009,10/05/2018,1,1785.5,1552.61,703.93,0,24,0,1,0,0
LUXOTTICA,EMPORIO ARMANI,Frames,EMPORIO ARMANI,12322,18/01/2018,1,1790,1570.18,619.46,0,110,1,0,0,0
LUXOTTICA,EMPORIO ARMANI,Frames,EMPORIO ARMANI,12399,08/03/2018,1,1890,1657.89,666.09,0,152,0,1,0,0
LUXOTTICA,EMPORIO ARMANI,Frames,EMPORIO ARMANI,12391,09/03/2018,1,1790,1570.18,619.43,0,153,0,1,0,0
LUXOTTICA,EMPORIO ARMANI,Frames,EMPORIO ARMANI,12394,09/01/2018,1,1592,1396.49,712.84,0,94,1,0,0,0
LUXOTTICA,GENERIC,Frames,EMPORIO ARMANI,13291,23/06/2018,1,1700,1478.26,650.79,0,33,0,0,1,0
LUXOTTICA,GIORGIO ARMANI,Frames,GORGIO ARMANI,12452,03/01/2018,1,2890,2535.09,1073.81,0,95,1,0,0,0
LUXOTTICA,GIORGIO ARMANI,Frames,GORGIO ARMANI,12390,20/01/2018,1,3490,3061.4,1246.22,0,105,1,0,0,0
LUXOTTICA,GIORGIO ARMANI,Frames,GORGIO ARMANI,12421,20/03/2018,1,2690,2359.65,974.07,0,164,0,1,0,0
LUXOTTICA,GIORGIO ARMANI,Frames,GORGIO ARMANI,12465,08/01/2018,1,2472,2168.42,1255.78,0,86,1,0,0,0
LUXOTTICA,GIORGIO ARMANI,Frames,GORGIO ARMANI,12325,26/04/2018,1,3218,2798.26,1173.54,0,208,0,1,0,0
LUXOTTICA,GIORGIO ARMANI,Frames,GORGIO ARMANI,12325,14/04/2018,1,3218,2798.26,1173.54,0,196,0,1,0,0
LUXOTTICA,OAKLEY,Frames,OAKLY RX,12013,04/01/2018,1,2008,1761.4,1006.4,0,190,1,0,0,0
LUXOTTICA,OAKLEY,Frames,OAKLEY,12541,12/05/2018,1,2000,1739.13,557.17,0,12,0,1,0,0
LUXOTTICA,OAKLEY,Frames,OAKLY RX,12531,09/02/2018,1,1520,1333.33,576.91,0,101,1,0,0,0
LUXOTTICA,OAKLEY,Frames,OAKLEY,12309,10/04/2018,1,2159,1893.86,814.33,0,192,0,1,0,0
LUXOTTICA,OAKLEY,Frames,OAKLEY,12463,10/01/2018,1,2140,1877.19,814.33,0,88,1,0,0,0
LUXOTTICA,OAKLEY,Frames,OAKLEY,12306,04/01/2018,1,2140,1877.19,814.33,0,96,1,0,0,0
LUXOTTICA,OAKLEY,Frames,OAKLY RX,11169,07/01/2018,1,1520,1333.33,584.24,0,68,1,0,0,0
LUXOTTICA,OAKLEY,Frames,OAKLEY,12313,06/03/2018,1,1840,1614.04,872.53,0,157,0,1,0,0
LUXOTTICA,OAKLEY,Frames,OAKLEY,12635,29/05/2018,1,2500,2173.91,1006.41,0,112,0,1,0,0
LUXOTTICA,OAKLEY,Frames,OAKLEY,12395,06/02/2018,1,2940,2578.95,1177.79,0,122,1,0,0,0
LUXOTTICA,OAKLEY,Frames,OAKLEY,13236,19/09/2018,1,1650,1434.78,659.11,0,112,0,0,0,1
LUXOTTICA,OAKLEY,Frames,OAKLEY,12530,18/05/2018,1,2992,2601.74,1118.9,0,199,0,1,0,0
LUXOTTICA,OAKLEY,Frames,OAKLEY,12315,28/01/2018,1,1520,1333.33,576.91,0,120,1,0,0,0
LUXOTTICA,OAKLEY,Frames,OAKLEY,12532,28/03/2018,1,1780,1561.4,675.39,0,148,0,1,0,0
LUXOTTICA,OAKLEY,Frames,OAKLEY,12320,08/10/2018,1,2170,1886.96,0.01,0,373,0,0,0,1
LUXOTTICA,OAKLEY,Frames,OAKLEY,13005,16/05/2018,1,2168.9,1886,857.19,0,30,0,1,0,0
LUXOTTICA,OAKLEY,Frames,OAKLEY,12542,15/02/2018,1,2940,2578.95,1118.9,0,107,1,0,0,0
LUXOTTICA,OAKLEY,Frames,OAKLEY,12543,12/05/2018,1,2940,2556.52,1118.9,0,193,0,1,0,0
LUXOTTICA,OAKLEY,Frames,OAKLEY,12998,09/04/2018,1,2140,1860.87,857.19,0,-7,0,1,0,0
LUXOTTICA,OAKLEY,Frames,OAKLEY,12946,08/10/2018,1,2648.3,2302.87,1081.65,0,212,0,0,0,1
LUXOTTICA,OAKLEY,Frames,OAKLEY,12943,07/05/2018,1,2188,1902.61,0.01,0,-28,0,1,0,0
LUXOTTICA,OAKLEY,Frames,OAKLEY,13234,24/08/2018,1,2350,2043.48,1177.79,0,86,0,0,1,0
LUXOTTICA,OAKLEY,Frames,OAKLEY,12317,01/03/2018,1,2160,1894.74,1027.57,0,152,0,1,0,0
LUXOTTICA,OAKLEY,Frames,OAKLEY,12544,14/01/2018,1,2560,2245.61,971.01,0,75,1,0,0,0
LUXOTTICA,PRADA,Frames,PRADA,12966,23/06/2018,1,3200,2782.61,1383.85,0,95,0,0,1,0
LUXOTTICA,PRADA,Frames,PRADA,12971,07/07/2018,1,3520.6,3061.39,1383.85,0,109,0,0,1,0
LUXOTTICA,PRADA,Frames,PRADA,13177,03/06/2018,1,1984.21,1725.4,1167.18,0,34,0,0,1,0
LUXOTTICA,PRADA,Frames,PRADA,12957,03/06/2018,1,1984.21,1725.4,1167.18,0,75,0,0,1,0
LUXOTTICA,PRADA,Frames,PRADA,12963,28/04/2018,1,3218,2798.26,1275.59,1,-37,0,1,0,0
LUXOTTICA,PRADA,Frames,PRADA,12960,14/06/2018,1,3520.6,3061.39,1383.85,0,86,0,0,1,0
LUXOTTICA,PRADA,Frames,PRADA,13227,03/06/2018,1,2352.54,2045.69,1383.85,0,4,0,0,1,0
LUXOTTICA,PRADA,Frames,PRADA,12969,15/05/2018,1,3745,3256.52,1492.26,0,56,0,1,0,0
LUXOTTICA,PRADA,Frames,PRADA,13228,05/07/2018,1,3750,3260.87,1492.26,0,36,0,0,1,0
LUXOTTICA,PRADA,Frames,PRADA,13366,31/08/2018,1,3870,3365.22,1492.26,0,69,0,0,1,0
LUXOTTICA,PRADA,Frames,PRADA,12970,09/05/2018,1,3816.2,3318.43,1432.26,0,50,0,1,0,0
LUXOTTICA,PRADA,Frames,PRADA,12958,15/04/2018,1,3218,2798.26,1275.59,0,26,0,1,0,0
LUXOTTICA,PRADA,Frames,PRADA,13172,07/09/2018,1,3520,3060.87,1383.85,0,165,0,0,0,1
LUXOTTICA,PRADA,Frames,PRADA,12963,28/04/2018,1,3218,2798.26,1275.59,1,-37,0,1,0,0
LUXOTTICA,RAYBAN,Frames,RAYBAN,13295,24/07/2018,1,2060,1791.3,791.92,0,39,0,0,1,0
LUXOTTICA,RAYBAN,Frames,RAYBAN,13244,23/07/2018,1,0,0,739.77,0,54,0,0,1,0
LUXOTTICA,RAYBAN,Frames,RAYBAN,13293,19/09/2018,1,1650,1434.78,635.47,0,121,0,0,0,1
LUXOTTICA,RAYBAN,Frames,RAYBAN,12246,31/08/2018,1,2534,2203.48,0.01,0,335,0,0,1,0
LUXOTTICA,RAYBAN,Frames,RAYBAN,9835,24/09/2018,1,1720,1495.65,626.43,0,359,0,0,0,1
LUXOTTICA,RAYBAN,Frames,RAYBAN,12256,03/02/2018,1,1990,1745.61,688.97,0,126,1,0,0,0
LUXOTTICA,RAYBAN,Frames,RAYBAN,11493,20/10/2018,1,1598,1389.57,709.83,0,385,0,0,0,1
LUXOTTICA,RAYBAN,Frames,RAYBAN,13241,25/06/2018,1,1480,1286.96,739.77,0,26,0,0,1,0
LUXOTTICA,RAYBAN,Frames,RAYBAN,12174,11/09/2018,1,1587.8,1380.7,540.15,0,381,0,0,0,1
LUXOTTICA,RAYBAN,Frames,RAYBAN,13242,13/10/2018,1,1850,1608.7,739.77,0,136,0,0,0,1
LUXOTTICA,RAYBAN,Frames,RAYBAN,13246,11/06/2018,1,1590,1382.61,635.47,0,12,0,0,1,0
LUXOTTICA,RAYBAN,Frames,RAYBAN,13247,07/09/2018,1,1590,1382.61,635.47,0,100,0,0,0,1
LUXOTTICA,RAYBAN,Frames,RAYBAN,13249,20/08/2018,1,1590,1382.61,739.77,0,82,0,0,1,0
LUXOTTICA,RAYBAN,Frames,RAYBAN,13252,04/06/2018,1,2550,2217.39,1000.68,0,5,0,0,1,0
LUXOTTICA,RAYBAN,Frames,RAYBAN,12259,16/02/2018,1,1890,1657.89,643.6,0,139,1,0,0,0
LUXOTTICA,RAYBAN,Frames,RAYBAN,12192,19/04/2018,1,1866,1622.61,643.6,0,215,0,1,0,0
LUXOTTICA,RAYBAN,Frames,RAYBAN,13243,06/07/2018,1,1850,1608.7,739.77,1,37,0,0,1,0
LUXOTTICA,RAYBAN,Frames,RAYBAN,13251,04/07/2018,1,1590,1382.61,635.47,0,35,0,0,1,0
LUXOTTICA,RAYBAN,Frames,RAYBAN,13168,03/09/2018,1,2046,1779.13,844.22,0,140,0,0,0,1
LUXOTTICA,RAYBAN,Frames,RAYBAN,12258,22/05/2018,1,2000,1739.13,688.97,0,234,0,1,0,0
LUXOTTICA,RAYBAN,Frames,RAYBAN,12141,16/03/2018,1,1560,1368.42,540.15,0,202,0,1,0,0
LUXOTTICA,RAYBAN,Frames,RAYBAN,12203,28/01/2018,1,1890,1657.89,321.8,0,120,1,0,0,0
LUXOTTICA,RAYBAN,Frames,RAYBAN,12204,03/01/2018,1,1512,1326.32,643.6,0,95,1,0,0,0
LUXOTTICA,RAYBAN,Frames,RAYBAN,12250,24/04/2018,1,1705,1482.61,552.86,0,206,0,1,0,0
LUXOTTICA,RAYBAN,Frames,RAYBAN,8983,21/04/2018,1,2522,2193.04,918.86,0,217,0,1,0,0
LUXOTTICA,RAYBAN,Frames,RAYBAN,12249,24/04/2018,1,2007,1745.22,688.97,0,206,0,1,0,0
LUXOTTICA,RAYBAN,Frames,RAYBAN,12193,04/01/2018,1,1512,1326.32,643.6,0,96,1,0,0,0
LUXOTTICA,RAYBAN,Frames,RAYBAN,13170,25/09/2018,1,1850,1608.7,739.77,0,169,0,0,0,1
LUXOTTICA,RAYBAN,Frames,RAYBAN,13170,18/09/2018,1,1850,1608.7,739.77,0,162,0,0,0,1
LUXOTTICA,RAYBAN,Frames,RAYBAN,9409,07/03/2018,1,1700,1491.23,719.73,0,307,0,1,0,0
LUXOTTICA,RAYBAN,Frames,RAYBAN,12245,05/09/2018,1,1923.7,1672.78,643.6,0,340,0,0,0,1
LUXOTTICA,RAYBAN,Frames,RAYBAN,12636,21/03/2018,1,1750,1535.09,687.62,0,43,0,1,0,0
LUXOTTICA,RAYBAN,Frames,RAYBAN,12269,25/01/2018,1,2390,2096.49,825.22,0,117,1,0,0,0
LUXOTTICA,RAYBAN,Frames,RAYBAN,12560,06/09/2018,1,1923.7,1672.78,643.6,0,292,0,0,0,1
LUXOTTICA,RAYBAN,Frames,RAYBAN,12461,19/05/2018,1,1845.13,1604.46,915.96,0,217,0,1,0,0
LUXOTTICA,RAYBAN,Frames,RAYBAN,9404,28/08/2018,1,2534,2203.48,883.89,0,332,0,0,1,0
LUXOTTICA,RAYBAN,Frames,RAYBAN,12205,13/05/2018,1,1997,1736.52,688.97,0,239,0,1,0,0
LUXOTTICA,RAYBAN,Frames,RAYBAN,13240,12/08/2018,1,1980,1721.74,791.92,0,74,0,0,1,0
LUXOTTICA,RAYBAN,Frames,RAYBAN,12638,27/02/2018,1,1584,1389.47,791.92,0,21,1,0,0,0
LUXOTTICA,RAYBAN,Frames,RAYBAN,13487,30/08/2018,1,2030,1765.22,791.92,0,3,0,0,1,0
LUXOTTICA,RAYBAN,Frames,RAYBAN,12251,08/01/2018,1,1690,1482.46,552.86,0,100,1,0,0,0
LUXOTTICA,VOGUE,Frames,VOGUE,13254,19/08/2018,1,1250,1086.96,492.71,0,81,0,0,1,0
LUXOTTICA,VOGUE,Frames,VOGUE,12381,09/01/2018,1,1790,1570.18,541.98,0,101,1,0,0,0
LUXOTTICA,VOGUE,Frames,VOGUE,12364,30/05/2018,1,1000,869.57,459.82,0,242,0,1,0,0
LUXOTTICA,VOGUE,Frames,VOGUE,12422,12/04/2018,1,1402,1219.13,418.8,0,187,0,1,0,0
LUXOTTICA,VOGUE,Frames,VOGUE,12563,13/01/2018,1,1490,1307.02,459.82,0,56,1,0,0,0
LUXOTTICA,VOGUE,Frames,VOGUE,13256,28/07/2018,1,1200,1043.48,540.96,0,59,0,0,1,0
LUXOTTICA,VOGUE,Frames,VOGUE,11301,15/02/2018,1,1575,1381.58,583.23,0,291,1,0,0,0
LUXOTTICA,VOGUE,Frames,VOGUE,12370,06/03/2018,1,1490,1307.02,459.82,0,157,0,1,0,0
LUXOTTICA,VOGUE,Frames,VOGUE,13255,18/07/2018,1,1480,1286.96,589.37,0,49,0,0,1,0
LUXOTTICA,VOGUE,Frames,VOGUE,12369,10/03/2018,1,1490,1307.02,500.39,0,-51,0,1,0,0
LUXOTTICA,VOGUE,Frames,VOGUE,12388,13/01/2018,1,1790,1570.18,541.98,0,105,1,0,0,0
LUXOTTICA,VOGUE,Frames,VOGUE,12386,19/03/2018,1,1490,1307.02,0.01,0,170,0,1,0,0
LUXOTTICA,VOGUE,Frames,VOGUE,12015,03/01/2018,1,1390,1219.3,418.8,0,95,1,0,0,0
LUXOTTICA,VOGUE,Frames,VOGUE,12375,10/04/2018,1,1352,1175.65,500.96,0,192,0,1,0,0
LUXOTTICA,VOGUE,Frames,VOGUE,11899,26/10/2018,1,1600,1391.3,534.73,0,544,0,0,0,1
LUXOTTICA,VOGUE,Frames,VOGUE,13253,02/10/2018,1,1250,1086.96,492.71,0,125,0,0,0,1
LUXOTTICA,VOGUE,Frames,VOGUE,12387,25/02/2018,1,1390,1219.3,455.75,0,-29,1,0,0,0
LUXOTTICA,VOGUE,Frames,VOGUE,11894,03/02/2018,1,872,764.91,368.96,0,279,1,0,0,0
LUXOTTICA,VOGUE,Frames,VOGUE,12385,02/01/2018,1,1290,1131.58,0.01,0,94,1,0,0,0
LUXOTTICA,VOGUE,Frames,VOGUE,11895,19/04/2018,1,1463,1272.17,493.32,0,354,0,1,0,0
LUXOTTICA,VOGUE,Frames,VOGUE,12211,06/01/2018,1,1890,1657.89,583,0,98,1,0,0,0
MOGIGI,GENERIC,Frames,MO,12507,30/08/2018,1,600,521.74,262.11,0,1,0,0,1,0
MOGIGI,GENERIC,Frames,MO,12485,13/02/2018,1,1200,1052.63,262.11,0,124,1,0,0,0
MOGIGI,GENERIC,Frames,MO,12510,06/02/2018,1,1200,1052.63,262.11,0,117,1,0,0,0
MOGIGI,GENERIC,Frames,MO,12504,28/05/2018,1,0,0,262.11,0,228,0,1,0,0
MOGIGI,GENERIC,Frames,MO,12523,22/10/2018,1,1220,1060.87,262.11,0,375,0,0,0,1
MOGIGI,GENERIC,Frames,MO,12524,20/04/2018,1,1211,1053.04,262.11,0,190,0,1,0,0
MOGIGI,GENERIC,Frames,MO,12525,06/03/2018,1,1200,1052.63,262.11,1,145,0,1,0,0
MOGIGI,GENERIC,Frames,MO,12475,23/10/2018,1,1200,1043.48,262.11,0,376,0,0,0,1
MOGIGI,GENERIC,Frames,MO,12501,03/01/2018,1,1200,1052.63,262.11,0,83,1,0,0,0
MOGIGI,GENERIC,Frames,MO,12512,18/04/2018,1,1211,1053.04,262.11,0,188,0,1,0,0
MOGIGI,GENERIC,Frames,MO,12507,11/04/2018,1,1211,1053.04,262.11,0,-140,0,1,0,0
MOGIGI,GENERIC,Frames,MO,12515,16/03/2018,1,1200,1052.63,262.11,0,155,0,1,0,0
MOGIGI,GENERIC,Frames,MO,12507,24/05/2018,1,600,521.74,262.11,0,-97,0,1,0,0
MOGIGI,GENERIC,Frames,MO,12513,16/01/2018,1,1200,1052.63,262.11,0,96,1,0,0,0
MOGIGI,GENERIC,Frames,MO,12505,25/01/2018,1,1200,1052.63,262.11,0,105,1,0,0,0
MOGIGI,GENERIC,Frames,MO,12502,07/02/2018,1,1200,1052.63,262.11,0,118,1,0,0,0
MOGIGI,GENERIC,Frames,MO,12503,20/03/2018,1,1200,1052.63,262.11,0,159,0,1,0,0
MOGIGI,GENERIC,Frames,MO,12508,17/04/2018,1,1200,1043.48,262.11,0,187,0,1,0,0
MOGIGI,GENERIC,Frames,MO,12477,15/05/2018,1,1221.6,1062.26,262.11,0,215,0,1,0,0
MOSCON,GENERIC,Frames,LEVIS,12933,04/07/2018,1,1500,1304.35,599,0,33,0,0,1,0
MOSCON,GENERIC,Frames,LEVIS,12928,13/05/2018,1,1577.7,1371.91,619,0,64,0,1,0,0
MOSCON,GENERIC,Frames,LEVIS,13194,13/06/2018,1,1550,1347.83,619,0,20,0,0,1,0
MOSCON,GENERIC,Frames,LEVIS,12934,02/06/2018,1,1577.7,1371.91,599,1,84,0,0,1,0
MOSCON,GENERIC,Frames,LEVIS,12936,25/04/2018,1,1564,1360,599,0,46,0,1,0,0
MOSCON,GENERIC,Frames,LEVIS,12935,03/04/2018,1,1564,1360,619,0,24,0,1,0,0
MOSCON,GENERIC,Frames,LEVIS,12937,21/04/2018,1,1997,1736.52,789,0,42,0,1,0,0
MOSCON,GENERIC,Frames,LEVIS,13193,23/07/2018,1,1550,1347.83,619,0,60,0,0,1,0
MOSCON,GENERIC,Frames,LEVIS,12938,21/09/2018,1,1980,1721.74,789,0,120,0,0,0,1
MOSCON,GENERIC,Frames,LEVIS,12931,18/04/2018,1,1564,1360,619,0,39,0,1,0,0
MYOPTICS,CAPRI,Frames,CAPRI,12726,12/09/2018,1,300,260.87,75,0,211,0,0,0,1
MYOPTICS,CAPRI,Frames,CAPRI,12763,05/10/2018,1,220,191.3,75,0,234,0,0,0,1
MYOPTICS,CAPRI,Frames,CAPRI,12749,23/10/2018,1,68.9,59.91,75,0,252,0,0,0,1
MYOPTICS,CAPRI,Frames,CAPRI,12759,27/09/2018,1,68.9,59.91,75,0,226,0,0,0,1
MYOPTICS,CAPRI,Frames,CAPRI,12731,09/04/2018,1,0,0,75,0,55,0,1,0,0
MYOPTICS,COLUMBIA,Frames,COLUMBIA,11806,04/01/2018,1,1575,1381.58,630,0,323,1,0,0,0
MYOPTICS,COLUMBIA,Frames,COLUMBIA,11804,17/04/2018,1,1800,1565.22,720,0,426,0,1,0,0
MYOPTICS,COLUMBIA,Frames,COLUMBIA,11803,03/01/2018,1,1800,1578.95,720,0,322,1,0,0,0
MYOPTICS,COLUMBIA,Frames,COLUMBIA,11798,15/01/2018,1,1360,1192.98,630,0,334,1,0,0,0
MYOPTICS,COLUMBIA,Frames,COLUMBIA,11106,21/06/2018,1,1500,1304.35,630,0,764,0,0,1,0
MYOPTICS,GENERIC,Frames,CAPRI,12738,30/04/2018,1,172,149.57,75,0,76,0,1,0,0
MYOPTICS,GENERIC,Frames,CAPRI,12734,09/03/2018,1,0,0,75,0,24,0,1,0,0
MYOPTICS,GENERIC,Frames,CAPRI,12745,19/02/2018,1,215,188.6,75,0,6,1,0,0,0
MYOPTICS,GENERIC,Frames,CAPRI,12777,19/06/2018,1,0,0,75,0,126,0,0,1,0
MYOPTICS,GENERIC,Frames,CAPRI,12732,16/05/2018,1,215,186.96,75,0,92,0,1,0,0
MYOPTICS,GENERIC,Frames,CAPRI,12764,28/03/2018,1,0,0,75,0,43,0,1,0,0
MYOPTICS,GENERIC,Frames,LAPO,10800,27/03/2018,1,1080,947.37,430,0,770,0,1,0,0
MYOPTICS,GENERIC,Frames,CAPRI,12769,12/06/2018,1,218.9,190.35,75,0,119,0,0,1,0
MYOPTICS,GENERIC,Frames,CAPRI,12761,06/03/2018,1,0,0,75,0,21,0,1,0,0
MYOPTICS,GENERIC,Frames,CAPRI,12717,18/05/2018,1,218.9,190.35,75,0,94,0,1,0,0
MYOPTICS,GENERIC,Frames,LAPO,11868,26/03/2018,1,1300,1140.35,535,0,357,0,1,0,0
MYOPTICS,GENERIC,Frames,CAPRI,12760,18/08/2018,1,200,173.91,75,0,186,0,0,1,0
MYOPTICS,GENERIC,Frames,CAPRI,12722,16/03/2018,1,0,0,75,0,31,0,1,0,0
MYOPTICS,GENERIC,Frames,CAPRI,11780,26/01/2018,1,215,188.6,88,0,345,1,0,0,0
MYOPTICS,GENERIC,Frames,CAPRI,12719,07/03/2018,1,215,188.6,75,0,22,0,1,0,0
MYOPTICS,GENERIC,Frames,CAPRI,12762,21/06/2018,1,218.9,190.35,75,0,128,0,0,1,0
MYOPTICS,GENERIC,Frames,CAPRI,12778,13/03/2018,1,215,188.6,75,0,28,0,1,0,0
MYOPTICS,GENERIC,Frames,CAPRI,12765,29/08/2018,1,0,0,75,0,197,0,0,1,0
MYOPTICS,GENERIC,Frames,LAPO,11109,29/01/2018,1,1300,1140.35,535,0,301,1,0,0,0
MYOPTICS,GENERIC,Frames,CAPRI,12770,23/07/2018,1,215,186.96,75,0,160,0,0,1,0
MYOPTICS,GENERIC,Frames,CAPRI,12741,11/07/2018,1,218.9,190.35,75,0,148,0,0,1,0
MYOPTICS,GENERIC,Frames,CAPRI,12747,10/06/2018,1,215,186.96,75,0,117,0,0,1,0
MYOPTICS,GENERIC,Frames,CAPRI,12768,11/06/2018,1,218.9,190.35,75,0,118,0,0,1,0
MYOPTICS,GENERIC,Frames,CAPRI,12721,12/03/2018,1,0,0,75,0,27,0,1,0,0
MYOPTICS,GENERIC,Frames,CAPRI,12770,23/07/2018,1,215,186.96,75,0,160,0,0,1,0
MYOPTICS,GENERIC,Frames,CAPRI,12775,10/07/2018,1,218.9,190.35,75,0,147,0,0,1,0
MYOPTICS,GENERIC,Frames,CAPRI,12742,29/05/2018,1,218.9,190.35,75,0,105,0,1,0,0
MYOPTICS,GENERIC,Frames,CAPRI,12779,03/08/2018,1,220,191.3,75,0,171,0,0,1,0
MYOPTICS,GENERIC,Frames,CAPRI,12756,11/06/2018,1,218.9,190.35,75,0,118,0,0,1,0
MYOPTICS,GENERIC,Frames,CAPRI,12735,28/02/2018,1,215,188.6,75,0,15,1,0,0,0
MYOPTICS,GENERIC,Frames,CAPRI,12774,11/06/2018,1,218.9,190.35,75,0,118,0,0,1,0
MYOPTICS,GENERIC,Frames,CAPRI,12737,19/03/2018,1,215,188.6,75,0,34,0,1,0,0
MYOPTICS,GENERIC,Frames,CAPRI,12757,13/07/2018,1,218.9,190.35,75,0,150,0,0,1,0
MYOPTICS,GENERIC,Frames,CAPRI,12751,19/07/2018,1,67,58.26,75,0,156,0,0,1,0
MYOPTICS,GENERIC,Frames,CAPRI,12733,26/03/2018,1,0,0,75,0,41,0,1,0,0
MYOPTICS,GENERIC,Frames,CAPRI,12776,16/06/2018,1,0,0,75,0,123,0,0,1,0
MYOPTICS,GENERIC,Frames,CAPRI,12776,19/07/2018,1,200,173.91,75,0,156,0,0,1,0
MYOPTICS,GENERIC,Frames,CAPRI,12771,22/05/2018,1,0,0,75,0,98,0,1,0,0
MYOPTICS,GENERIC,Frames,CAPRI,12736,25/04/2018,1,217,188.7,75,0,71,0,1,0,0
MYOPTICS,GENERIC,Frames,CAPRI,12755,14/03/2018,1,0,0,75,0,29,0,1,0,0
MYOPTICS,GENERIC,Frames,CAPRI,12718,29/04/2018,1,67,58.26,75,0,75,0,1,0,0
MYOPTICS,GENERIC,Frames,CAPRI,12746,25/03/2018,1,0,0,75,0,40,0,1,0,0
MYOPTICS,GENERIC,Frames,CAPRI,12773,07/06/2018,1,215,186.96,75,0,114,0,0,1,0
MYOPTICS,GENERIC,Frames,CAPRI,12743,23/06/2018,1,57.4,49.91,75,0,130,0,0,1,0
MYOPTICS,GENERIC,Frames,CAPRI,12772,03/07/2018,1,0,0,75,0,140,0,0,1,0
MYOPTICS,GENERIC,Frames,CAPRI,12748,17/02/2018,1,215,188.6,75,0,4,1,0,0,0
MYOPTICS,GENERIC,Frames,CAPRI,12134,07/01/2018,1,215,188.6,75,0,138,1,0,0,0
MYOPTICS,GENERIC,Frames,CAPRI,12750,10/06/2018,1,218.9,190.35,75,0,117,0,0,1,0
MYOPTICS,GENERIC,Frames,CAPRI,12754,28/07/2018,1,0,0,75,0,165,0,0,1,0
MYOPTICS,GENERIC,Frames,CAPRI,12752,31/03/2018,1,215,188.6,75,0,46,0,1,0,0
MYOPTICS,MYOPTICS,Frames,LAPO,12216,27/07/2018,1,1000,869.57,535,0,294,0,0,1,0
MYOPTICS,MYOPTICS,Frames,LAPO,12215,08/03/2018,1,1340,1175.44,535,0,153,0,1,0,0
MYOPTICS,OPAL,Frames,OPAL,9225,14/06/2018,1,550,478.26,352.5,0,2,0,0,1,0
OPTICAL TRADE LINKE,GENERIC,Frames,XINSILU,12586,17/08/2018,1,300,260.87,90,0,255,0,0,1,0
OPTICAL TRADE LINKE,GENERIC,Frames,YOU'S EYEWEAR,12605,03/01/2018,1,0,0,90,0,29,1,0,0,0
OPTICAL TRADE LINKE,GENERIC,Frames,COOPER,12595,14/06/2018,1,0,0,90,0,190,0,0,1,0
OPTICAL TRADE LINKE,GENERIC,Frames,COOPER,12599,15/01/2018,1,0,0,90,0,40,1,0,0,0
OPTICAL TRADE LINKE,GENERIC,Frames,XINSILU,12587,09/06/2018,1,215,186.96,90,0,186,0,0,1,0
OPTICAL TRADE LINKE,GENERIC,Frames,XINSILU,12586,11/03/2018,1,215,188.6,90,0,96,0,1,0,0
OPTICAL TRADE LINKE,GENERIC,Frames,XINSILU,12589,08/10/2018,1,220,191.3,90,0,307,0,0,0,1
OPTICAL TRADE LINKE,GENERIC,Frames,COOPER,12596,02/01/2018,1,215,188.6,90,0,27,1,0,0,0
OPTICAL TRADE LINKE,GENERIC,Frames,XINSILU,12590,24/10/2018,1,300,260.87,90,0,323,0,0,0,1
OPTICAL TRADE LINKE,GENERIC,Frames,XINSILU,12587,24/05/2018,1,218.9,190.35,90,0,170,0,1,0,0
OPTICAL TRADE LINKE,GENERIC,Frames,XINSILU,12591,08/01/2018,1,215,188.6,90,0,-11,1,0,0,0
OPTICAL TRADE LINKE,GENERIC,Frames,DIXON,12601,14/05/2018,1,215,186.96,90,0,159,0,1,0,0
OPTICAL TRADE LINKE,GENERIC,Frames,XINSILU,12591,30/01/2018,1,215,188.6,90,0,11,1,0,0,0
OPTICAL TRADE LINKE,GENERIC,Frames,XINSILU,12588,04/01/2018,1,215,188.6,90,0,30,1,0,0,0
OTL LENS LAB,GENERIC,Frames,SOLLYS EYEWEAR,13496,22/10/2018,1,450,391.3,89.9,1,53,0,0,0,1
OTL LENS LAB,GENERIC,Frames,SOLLYS EYEWEAR,13499,07/09/2018,1,450,391.3,89.9,0,8,0,0,0,1
OTL LENS LAB,GENERIC,Frames,SOLLYS EYEWEAR,13492,22/10/2018,1,300,260.87,89.9,1,53,0,0,0,1
OTL LENS LAB,GENERIC,Frames,SOLLYS EYEWEAR,13497,25/09/2018,1,450,391.3,89.9,0,26,0,0,0,1
OTL LENS LAB,GENERIC,Frames,SOLLYS EYEWEAR,13489,04/09/2018,1,450,391.3,89.9,1,5,0,0,0,1
OTL LENS LAB,GENERIC,Frames,SOLLYS EYEWEAR,13495,04/09/2018,1,450,391.3,89.9,0,5,0,0,0,1
OTL LENS LAB,GENERIC,Frames,SOLLYS EYEWEAR,13498,04/09/2018,1,450,391.3,89.9,1,5,0,0,0,1
OTL LENS LAB,GENERIC,Frames,SOLLYS EYEWEAR,13495,01/10/2018,1,450,391.3,89.9,0,32,0,0,0,1
OTL LENS LAB,GENERIC,Frames,SOLLYS EYEWEAR,13489,01/10/2018,1,450,391.3,89.9,1,32,0,0,0,1
OTL LENS LAB,GENERIC,Frames,SOLLYS EYEWEAR,13497,08/09/2018,1,0,0,89.9,0,9,0,0,0,1
OTL LENS LAB,GENERIC,Frames,SOLLYS EYEWEAR,13493,04/09/2018,1,450,391.3,89.9,1,5,0,0,0,1
OTL LENS LAB,GENERIC,Frames,SOLLYS EYEWEAR,13501,13/09/2018,1,450,391.3,89.9,0,14,0,0,0,1
OTL LENS LAB,GENERIC,Frames,SOLLYS EYEWEAR,13501,25/09/2018,1,450,391.3,89.9,0,26,0,0,0,1
OTL LENS LAB,GENERIC,Frames,SOLLYS EYEWEAR,13508,22/10/2018,1,300,260.87,89.9,0,53,0,0,0,1
OTL LENS LAB,GENERIC,Frames,SOLLYS EYEWEAR,13507,04/10/2018,1,245.2,213.22,89.9,0,35,0,0,0,1
OTL LENS LAB,GENERIC,Frames,SOLLYS EYEWEAR,13505,13/09/2018,1,450,391.3,89.9,1,14,0,0,0,1
OTL LENS LAB,GENERIC,Frames,SOLLYS EYEWEAR,13499,06/09/2018,1,204.2,177.57,89.9,0,7,0,0,0,1
OTL LENS LAB,GENERIC,Frames,SOLLYS EYEWEAR,13504,26/09/2018,1,450,391.3,89.9,0,27,0,0,0,1
OTL LENS LAB,GENERIC,Frames,SOLLYS EYEWEAR,13491,26/10/2018,1,450,391.3,89.9,1,57,0,0,0,1
OTL LENS LAB,GENERIC,Frames,SOLLYS EYEWEAR,13491,18/09/2018,1,150,130.43,89.9,1,19,0,0,0,1
SDM,GENERIC,Frames,POLO,13069,23/06/2018,1,1392.1,1210.52,520,0,68,0,0,1,0
SDM,GENERIC,Frames,POLO,13085,25/06/2018,1,1300,1130.43,690,0,0,0,0,1,0
SDM,GENERIC,Frames,POLO,13074,31/05/2018,1,1392.1,1210.52,520,0,44,0,1,0,0
SDM,GENERIC,Frames,POLO,13072,28/08/2018,1,1810.7,1574.52,620,0,134,0,0,1,0
SDM,GENERIC,Frames,POLO,13078,23/06/2018,1,1392.1,1210.52,690,1,3,0,0,1,0
SDM,GENERIC,Frames,TIMBERLAND,10444,07/04/2018,1,1021,887.83,891,0,884,0,1,0,0
SDM,GENERIC,Frames,POLO,13091,11/07/2018,1,1392.1,1210.52,790,0,85,0,0,1,0
SDM,GENERIC,Frames,POLO,13073,16/10/2018,1,1810.7,1574.52,620,0,182,0,0,0,1
SDM,GENERIC,Frames,POLO,13083,21/06/2018,1,1392.1,1210.52,490,0,65,0,0,1,0
SDM,GENERIC,Frames,POLO,13088,27/04/2018,1,1380,1200,590,0,10,0,1,0,0
SDM,GENERIC,Frames,POLO,13087,24/07/2018,1,1392.1,1210.52,690,0,98,0,0,1,0
SDM,GENERIC,Frames,POLO,13090,25/06/2018,1,1392.5,1210.87,690,0,69,0,0,1,0
SDM,GENERIC,Frames,POLO,13086,25/05/2018,1,1392.1,1210.52,590,1,38,0,1,0,0
SDM,GENERIC,Frames,POLO,13076,07/05/2018,1,1392.1,1210.52,620,0,20,0,1,0,0
SDM,GENERIC,Frames,POLO,13084,23/08/2018,1,1100,956.52,790,0,128,0,0,1,0
SDM,GENERIC,Frames,POLO,13070,02/06/2018,1,1380,1200,520,0,47,0,0,1,0
SDM,GENERIC,Frames,POLO,13089,22/06/2018,1,1392.1,1210.52,690,0,66,0,0,1,0
SDM,GENERIC,Frames,POLO,13082,04/08/2018,1,1392.1,1210.52,690,0,109,0,0,1,0
SDM,GENERIC,Frames,POLO,13081,21/06/2018,1,1392.1,1210.52,620,0,65,0,0,1,0
SDM,GUESS,Frames,GUESS,13048,07/08/2018,1,2370.6,2061.39,890,0,113,0,0,1,0
SDM,GUESS,Frames,GUESS,13033,26/09/2018,1,2078.1,1807.04,790,0,163,0,0,0,1
SDM,GUESS,Frames,GUESS,13050,30/06/2018,1,2370.6,2061.39,890,0,75,0,0,1,0
SDM,GUESS,Frames,GUESS,13032,21/09/2018,1,2078.1,1807.04,790,0,158,0,0,0,1
SDM,GUESS,Frames,GUESS,13037,23/07/2018,1,1300,1130.43,590,0,98,0,0,1,0
SDM,GUESS,Frames,GUESS,13040,30/05/2018,1,1311.4,1140.35,890,0,44,0,1,0,0
SDM,GUESS,Frames,GUESS,11078,26/01/2018,1,1289,1130.7,855,0,644,1,0,0,0
SDM,GUESS,Frames,GUESS,13039,28/04/2018,1,1300,1130.43,590,0,12,0,1,0,0
SDM,GUESS,Frames,GUESS,13047,21/06/2018,1,2370.6,2061.39,890,0,66,0,0,1,0
SDM,GUESS,Frames,GUESS,13049,23/05/2018,1,2370.6,2061.39,790,0,37,0,1,0,0
SDM,GUESS,Frames,GUESS,13046,27/09/2018,1,2370.6,2061.39,890,0,164,0,0,0,1
SDM,GUESS,Frames,GUESS,13045,25/09/2018,1,2370.6,2061.39,790,0,162,0,0,0,1
SDM,GUESS,Frames,GUESS,13031,24/10/2018,1,2078.1,1807.04,790,0,191,0,0,0,1
SDM,GUESS,Frames,GUESS,13027,15/09/2018,1,1250,1086.96,590,0,152,0,0,0,1
SDM,GUESS,Frames,GUESS,13054,02/08/2018,1,2370.6,2061.39,690,1,108,0,0,1,0
SDM,GUESS,Frames,GUESS,13051,28/09/2018,1,2370.6,2061.39,890,0,165,0,0,0,1
SDM,GUESS,Frames,GUESS,13052,31/05/2018,1,2370.6,2061.39,890,0,45,0,1,0,0
SDM,GUESS BY MARCIANO,Frames,GUESS BY MARCIA,11087,09/03/2018,1,2890,2535.09,1071,0,686,0,1,0,0
SDM,GUESS BY MARCIANO,Frames,GUESS BY MARCIA,13012,14/08/2018,1,3122.1,2714.87,1090,0,120,0,0,1,0
SDM,GUESS BY MARCIANO,Frames,GUESS BY MARCIA,13015,20/06/2018,1,3122.1,2714.87,1190,0,65,0,0,1,0
SDM,GUESS BY MARCIANO,Frames,GUESS BY MARCIA,10542,08/10/2018,1,2000,1739.13,891,0,1041,0,0,0,1
SDM,GUESS BY MARCIANO,Frames,GUESS BY MARCIA,13016,25/10/2018,1,3100,2695.65,1190,0,192,0,0,0,1
SDM,JUST CAVALLI,Frames,JUST CAVALLI,10995,21/06/2018,1,2650,2304.35,1125,0,801,0,0,1,0
SDM,JUST CAVALLI,Frames,JUST CAVALLI,10987,21/06/2018,1,1018,885.22,1071,0,801,0,0,1,0
SDM,REEBOK,Frames,REEBOK,11319,15/03/2018,1,1677,1471.05,621,0,580,0,1,0,0
SDM,REEBOK,Frames,REEBOK,10760,25/03/2018,1,1500,1315.79,576,0,787,0,1,0,0
SDM,REEBOK,Frames,REEBOK,11316,02/02/2018,1,1430,1254.39,531,0,539,1,0,0,0
SDM,REEBOK,Frames,REEBOK,11317,04/01/2018,1,1677,1471.05,621,0,510,1,0,0,0
SDM,REEBOK,Frames,REEBOK,11318,03/03/2018,1,1430,1254.39,531,0,568,0,1,0,0
SDM,REEBOK,Frames,REEBOK,13100,24/10/2018,1,1800,1565.22,490,0,190,0,0,0,1
SDM,SKECHERS,Frames,SKECHERS,10979,08/02/2018,1,1200,1052.63,486,0,668,1,0,0,0
SIGHTIQUE OPTICS,CUBE,Frames,CUBE,12147,22/01/2018,1,1050,921.05,419,0,137,1,0,0,0
SIGHTIQUE OPTICS,CUBE,Frames,CUBE,12152,09/04/2018,1,1059,920.87,314.25,0,214,0,1,0,0
SIGHTIQUE OPTICS,CUBE,Frames,CUBE,12149,11/06/2018,1,868,754.78,314.25,0,277,0,0,1,0
SIGHTIQUE OPTICS,CUBE,Frames,CUBE,12146,24/01/2018,1,1050,921.05,314.25,0,139,1,0,0,0
SIGHTIQUE OPTICS,CUBE,Frames,CUBE,12438,12/04/2018,1,217,188.7,102,0,178,0,1,0,0
SIGHTIQUE OPTICS,CUBE,Frames,CUBE,12148,11/07/2018,1,0,0,314.25,0,307,0,0,1,0
SIGHTIQUE OPTICS,CUBE,Frames,CUBE,12052,18/01/2018,1,800,701.75,302,0,-5,1,0,0,0
SIGHTIQUE OPTICS,CUBE,Frames,CUBE,11885,18/02/2018,1,1170,1026.32,465,0,320,1,0,0,0
SIGHTIQUE OPTICS,CUBE,Frames,CUBE,12052,25/01/2018,1,800,701.75,302,0,2,1,0,0,0
SIGHTIQUE OPTICS,CUBE,Frames,CUBE,11055,20/02/2018,1,1035,907.89,465,0,676,1,0,0,0
SIGHTIQUE OPTICS,CUBE,Frames,CUBE,11052,27/02/2018,1,790,692.98,319,0,683,1,0,0,0
SIGHTIQUE OPTICS,CUBE,Frames,CUBE,12431,05/01/2018,1,1050,921.05,314.25,0,81,1,0,0,0
SIGHTIQUE OPTICS,CUBE,Frames,CUBE,12433,07/04/2018,1,1175,1021.74,348.75,1,-167,0,1,0,0
SIGHTIQUE OPTICS,CUBE,Frames,CUBE,12435,24/01/2018,1,1050,921.05,314.25,0,100,1,0,0,0
SIGHTIQUE OPTICS,CUBE,Frames,CUBE,10125,15/02/2018,1,950,833.33,395.5,0,534,1,0,0,0
SIGHTIQUE OPTICS,GENERIC,Frames,CUBE,11934,03/03/2018,1,240,210.53,109,0,292,0,1,0,0
SIGHTIQUE OPTICS,GENERIC,Frames,SIGHTIQUE OPTIC,7365,28/03/2018,1,215,188.6,103.63,1,1,0,1,0,0
SIGHTIQUE OPTICS,SIGHTIQUE,Frames,SILHOUTTE,12436,04/07/2018,1,215,186.96,102,0,261,0,0,1,0
SIGHTIQUE OPTICS,SIGHTIQUE,Frames,SIGHTIQUE OPTIC,12157,16/01/2018,1,215,188.6,102,0,92,1,0,0,0
SIGHTIQUE OPTICS,SIGHTIQUE,Frames,SIGHTIQUE OPTIC,12161,30/01/2018,1,215,188.6,102,0,145,1,0,0,0
SIGHTIQUE OPTICS,SIGHTIQUE,Frames,SIGHTIQUE OPTIC,7525,28/08/2018,1,220,191.3,104.15,0,41,0,0,1,0
SIGHTIQUE OPTICS,SIGHTIQUE,Frames,SIGHTIQUE OPTIC,7525,26/07/2018,1,220,191.3,104.15,0,8,0,0,1,0
SIGHTIQUE OPTICS,SIGHTIQUE,Frames,SIGHTIQUE OPTIC,7525,02/01/2018,1,0,0,104.15,0,-197,1,0,0,0
SIGHTIQUE OPTICS,SIGHTIQUE,Frames,SIGHTIQUE OPTIC,10746,17/03/2018,1,215,188.6,117,0,702,0,1,0,0
SIGHTIQUE OPTICS,SIGHTIQUE,Frames,SIGHTIQUE OPTIC,10747,08/02/2018,1,215,188.6,117,0,665,1,0,0,0
SIGHTIQUE OPTICS,SIGHTIQUE,Frames,SIGHTIQUE OPTIC,12155,07/02/2018,1,0,0,102,0,153,1,0,0,0
SIGHTIQUE OPTICS,SIGHTIQUE,Frames,SIGHTIQUE OPTIC,8097,21/01/2018,1,0,0,84,0,195,1,0,0,0
SIGHTIQUE OPTICS,SIGHTIQUE,Frames,SIGHTIQUE OPTIC,10746,23/07/2018,1,215,186.96,117,0,830,0,0,1,0
SIGHTIQUE OPTICS,SIGHTIQUE,Frames,SIGHTIQUE OPTIC,10720,12/02/2018,1,215,188.6,123.33,0,217,1,0,0,0
SIGHTIQUE OPTICS,SIGHTIQUE,Frames,SILHOUTTE,10739,17/10/2018,1,220,191.3,128.4,1,0,0,0,0,1
SIGHTIQUE OPTICS,SIGHTIQUE,Frames,SIGHTIQUE OPTIC,5191,20/03/2018,1,215,188.6,100.2,0,1191,0,1,0,0
SIGHTIQUE OPTICS,SIGHTIQUE,Frames,SIGHTIQUE OPTIC,12159,17/05/2018,1,218.9,190.35,102,0,252,0,1,0,0
STEPPER,GENERIC,Frames,STEPPER,13153,14/09/2018,1,1590,1382.61,635,0,150,0,0,0,1
STEPPER,GENERIC,Frames,STEPPER,13136,26/06/2018,1,2269.7,1973.65,895,0,70,0,0,1,0
STEPPER,GENERIC,Frames,STEPPER,12186,03/07/2018,1,2024.6,1760.52,795,0,292,0,0,1,0
STEPPER,GENERIC,Frames,STEPPER,12187,28/02/2018,1,2500,2192.98,995,0,167,1,0,0,0
STEPPER,GENERIC,Frames,STEPPER,12188,02/01/2018,1,2370,2078.95,945,0,110,1,0,0,0
STEPPER,GENERIC,Frames,STEPPER,13152,03/09/2018,1,1453.9,1264.26,635,0,139,0,0,0,1
STEPPER,GENERIC,Frames,STEPPER,13156,04/09/2018,1,2350,2043.48,995,0,140,0,0,0,1
STEPPER,GENERIC,Frames,STEPPER,13161,11/10/2018,1,2000,1739.13,795,0,177,0,0,0,1
STEPPER,GENERIC,Frames,STEPPER,13135,09/10/2018,1,2673.2,2324.52,1055,0,175,0,0,0,1
STEPPER,GENERIC,Frames,STEPPER,12178,26/02/2018,1,1990,1745.61,795,0,165,1,0,0,0
STEPPER,GENERIC,Frames,STEPPER,13144,19/06/2018,1,1606,1396.52,795,0,63,0,0,1,0
STEPPER,GENERIC,Frames,STEPPER,13151,13/06/2018,1,2250,1956.52,895,0,57,0,0,1,0
STEPPER,GENERIC,Frames,STEPPER,12176,23/04/2018,1,1604,1394.78,635,0,221,0,1,0,0
STEPPER,GENERIC,Frames,STEPPER,13159,23/06/2018,1,1605.6,1396.17,795,0,67,0,0,1,0
STEPPER,GENERIC,Frames,STEPPER,13150,24/05/2018,1,1603.9,1394.7,635,0,37,0,1,0,0
STEPPER,GENERIC,Frames,STEPPER,13132,16/09/2018,1,2200,1913.04,965,0,152,0,0,0,1
STEPPER,GENERIC,Frames,STEPPER,13146,15/09/2018,1,1880,1634.78,995,0,151,0,0,0,1
STEPPER,GENERIC,Frames,STEPPER,13125,01/10/2018,1,2750,2391.3,1095,0,167,0,0,0,1
STEPPER,GENERIC,Frames,STEPPER,13165,25/06/2018,1,2411,2096.52,945,0,69,0,0,1,0
STEPPER,GENERIC,Frames,STEPPER,13122,05/05/2018,1,2007.5,1745.65,775,0,18,0,1,0,0
STEPPER,GENERIC,Frames,STEPPER,13120,19/06/2018,1,2007.5,1745.65,775,0,63,0,0,1,0
STEPPER,GENERIC,Frames,STEPPER,11668,01/10/2018,1,2492.7,2167.57,980,0,627,0,0,0,1
STEPPER,GENERIC,Frames,STEPPER,13145,31/05/2018,1,2088.2,1815.83,825,0,44,0,1,0,0
STEPPER,GENERIC,Frames,STEPPER,13119,04/07/2018,1,2007.5,1745.65,775,0,78,0,0,1,0
STEPPER,GENERIC,Frames,STEPPER,13121,09/06/2018,1,2007.5,1745.65,795,0,53,0,0,1,0
STEPPER,GENERIC,Frames,STEPPER,13143,27/07/2018,1,2000,1739.13,795,0,101,0,0,1,0
STEPPER,GENERIC,Frames,STEPPER,13158,18/10/2018,1,2007.5,1745.65,995,0,184,0,0,0,1
STEPPER,GENERIC,Frames,STEPPER,12620,06/09/2018,1,2035.7,1770.17,800,0,226,0,0,0,1
THE GREEN COMPANY,DAVID GREEN,Frames,DAVID GREEN,12093,22/01/2018,1,1560,1368.42,598.5,0,161,1,0,0,0
THE GREEN COMPANY,DAVID GREEN,Frames,DAVID GREEN,11963,20/02/2018,1,1560,1368.42,598.5,0,259,1,0,0,0
THE GREEN COMPANY,DAVID GREEN,Frames,DAVID GREEN,13308,31/07/2018,1,1690,1469.57,649,0,32,0,0,1,0
THE GREEN COMPANY,DAVID GREEN,Frames,DAVID GREEN,12086,04/01/2018,1,1560,1368.42,598.5,0,143,1,0,0,0
THE GREEN COMPANY,DAVID GREEN,Frames,DAVID GREEN,10947,15/01/2018,1,1500,1315.79,638.83,0,59,1,0,0,0
THE GREEN COMPANY,DAVID GREEN,Frames,DAVID GREEN,13307,01/07/2018,1,1690,1469.57,649,0,2,0,0,1,0
THE GREEN COMPANY,DAVID GREEN,Frames,DAVID GREEN,12569,12/03/2018,1,1500,1315.79,598.5,0,115,0,1,0,0
THE GREEN COMPANY,GENERIC,Frames,MOONSTONE,12800,23/07/2018,1,890,773.91,259,0,160,0,0,1,0
THE GREEN COMPANY,GENERIC,Frames,MOONSTONE,12801,03/07/2018,1,890,773.91,259,0,140,0,0,1,0
THE GREEN COMPANY,GENERIC,Frames,MOONSTONE,12795,08/03/2018,1,890,780.7,259,0,23,0,1,0,0
THE GREEN COMPANY,GENERIC,Frames,MOONSTONE,12798,05/03/2018,1,890,780.7,259,0,20,0,1,0,0
THE GREEN COMPANY,GENERIC,Frames,MOONSTONE,12794,16/03/2018,1,890,780.7,259,0,31,0,1,0,0
THE GREEN COMPANY,GENERIC,Frames,MOONSTONE,12805,20/04/2018,1,898,780.87,259,0,66,0,1,0,0
THE GREEN COMPANY,GENERIC,Frames,MOONSTONE,12802,09/07/2018,1,900,782.61,259,0,146,0,0,1,0
THE GREEN COMPANY,GENERIC,Frames,DAVID GREEN,12789,05/03/2018,1,1850,1622.81,649,0,20,0,1,0,0
THE GREEN COMPANY,GENERIC,Frames,MOONSTONE,12809,02/06/2018,1,905.9,787.74,259,0,109,0,0,1,0
THE GREEN COMPANY,GENERIC,Frames,DAVID GREEN,12780,30/05/2018,1,1882.4,1636.87,649,0,106,0,1,0,0
THE GREEN COMPANY,GENERIC,Frames,MOONSTONE,12810,26/03/2018,1,890,780.7,259,0,41,0,1,0,0
THE GREEN COMPANY,GENERIC,Frames,MOONSTONE,12808,18/03/2018,1,890,780.7,259,0,33,0,1,0,0
THE GREEN COMPANY,GENERIC,Frames,MOONSTONE,12814,22/02/2018,1,850,745.61,259,0,9,1,0,0,0
THE GREEN COMPANY,GENERIC,Frames,DAVID GREEN,12788,02/10/2018,1,1882.4,1636.87,649,0,231,0,0,0,1
THE GREEN COMPANY,GENERIC,Frames,DAVID GREEN,12784,24/10/2018,1,1882.4,1636.87,649,0,253,0,0,0,1
THE GREEN COMPANY,GENERIC,Frames,DAVID GREEN,12792,23/07/2018,1,1882.4,1651.23,649,0,160,0,0,1,0
THE GREEN COMPANY,GENERIC,Frames,DAVID GREEN,12790,04/09/2018,1,1850,1608.7,649,0,203,0,0,0,1
THE GREEN COMPANY,GENERIC,Frames,MOONSTONE,12799,04/03/2018,1,712,624.56,259,0,19,0,1,0,0
THE GREEN COMPANY,MOONSTONE,Frames,MOONSTONE,12580,15/01/2018,1,760,666.67,222,0,59,1,0,0,0
THE GREEN COMPANY,MOONSTONE,Frames,MOONSTONE,12575,07/01/2018,1,800,701.75,222,0,51,1,0,0,0
THE GREEN COMPANY,MOONSTONE,Frames,MOONSTONE,11983,04/01/2018,1,760,666.67,228,0,48,1,0,0,0
THE GREEN COMPANY,MOONSTONE,Frames,MOONSTONE,13325,30/06/2018,1,609,529.57,259,0,1,0,0,1,0
THE GREEN COMPANY,MOONSTONE,Frames,MOONSTONE,13329,18/07/2018,1,870,756.52,259,0,19,0,0,1,0
THE GREEN COMPANY,MOONSTONE,Frames,MOONSTONE,12102,06/01/2018,1,760,666.67,222,0,145,1,0,0,0
THE GREEN COMPANY,MOONSTONE,Frames,MOONSTONE,13327,24/07/2018,1,870,756.52,259,0,25,0,0,1,0
THE GREEN COMPANY,MOONSTONE,Frames,MOONSTONE,12582,16/01/2018,1,760,666.67,222,0,60,1,0,0,0
THE GREEN COMPANY,MOONSTONE,Frames,MOONSTONE,13333,31/07/2018,1,700,608.7,259,0,32,0,0,1,0
THE GREEN COMPANY,MOONSTONE,Frames,MOONSTONE,13335,04/07/2018,1,870,756.52,259,0,5,0,0,1,0
THE GREEN COMPANY,MOONSTONE,Frames,MOONSTONE,13334,18/09/2018,1,870,756.52,259,0,81,0,0,0,1
THE GREEN COMPANY,MOONSTONE,Frames,MOONSTONE,13326,15/09/2018,1,870,756.52,259,0,78,0,0,0,1
THE GREEN COMPANY,MOONSTONE,Frames,MOONSTONE,12574,20/02/2018,1,760,666.67,222,0,95,1,0,0,0
THE GREEN COMPANY,MOONSTONE,Frames,MOONSTONE,12107,08/01/2018,1,760,666.67,222,0,147,1,0,0,0
UBER OPTICAL,GENERIC,Frames,CANDO,8119,26/01/2018,1,0,0,79.5,0,1508,1,0,0,0
VISION WORKS BOKSBURG,GENERIC,Frames,SPLASH,12630,06/10/2018,1,0,0,90,0,242,0,0,0,1
VISION WORKS BOKSBURG,GENERIC,Frames,SPLASH,12633,12/03/2018,1,215,188.6,90,0,34,0,1,0,0
VISION WORKS BOKSBURG,GENERIC,Frames,SPLASH,12626,19/07/2018,1,200,173.91,90,0,163,0,0,1,0
VISION WORKS BOKSBURG,GENERIC,Frames,SPLASH,12629,06/04/2018,1,217,188.7,90,0,59,0,1,0,0
VISION WORKS BOKSBURG,GENERIC,Frames,SPLASH,12634,06/07/2018,1,220,191.3,90,0,150,0,0,1,0
VISION WORKS BOKSBURG,GENERIC,Frames,SPLASH,12628,12/03/2018,1,215,188.6,65,0,34,0,1,0,0
YELLOW ZEBRA OPTICAL,GENERIC,Frames,PPN,13216,05/09/2018,1,220,191.3,50,0,148,0,0,0,1
YELLOW ZEBRA OPTICAL,GENERIC,Frames,PPN,13205,26/06/2018,1,220,191.3,50,0,77,0,0,1,0
YELLOW ZEBRA OPTICAL,GENERIC,Frames,PPN,13222,01/06/2018,1,0,0,50,0,52,0,0,1,0
YELLOW ZEBRA OPTICAL,GENERIC,Frames,PPN,13218,17/08/2018,1,220,191.3,50,0,129,0,0,1,0
YELLOW ZEBRA OPTICAL,GENERIC,Frames,PPN,13219,06/07/2018,1,220,191.3,50,0,87,0,0,1,0
YELLOW ZEBRA OPTICAL,GENERIC,Frames,PPN,13221,15/07/2018,1,131,113.91,50,0,96,0,0,1,0
YELLOW ZEBRA OPTICAL,GENERIC,Frames,PPN,13213,09/06/2018,1,220,191.3,50,0,60,0,0,1,0
YELLOW ZEBRA OPTICAL,GENERIC,Frames,PPN,13214,24/07/2018,1,220,191.3,50,0,105,0,0,1,0
YELLOW ZEBRA OPTICAL,GENERIC,Frames,PPN,13209,04/07/2018,1,220,191.3,50,0,85,0,0,1,0
YELLOW ZEBRA OPTICAL,GENERIC,Frames,PPN,13208,11/06/2018,1,220,191.3,50,0,62,0,0,1,0
YELLOW ZEBRA OPTICAL,GENERIC,Frames,PPN,13215,03/07/2018,1,0,0,50,0,84,0,0,1,0
YELLOW ZEBRA OPTICAL,GENERIC,Frames,PPN,13207,05/07/2018,1,220,191.3,50,0,86,0,0,1,0
,,,,,,688,805954.07,703047.39,310117.68,,,143,203,196,146